{
    "PROJECT" : {
        "name" : "Sole Project",
        "version" : "1.0",
        "developer" : "PID"
    },
    "FRAMEWORK":{
        "name" : "Sole PHP Framework",
        "version" : "6.1",
        "required_php_version" : "8.0.0^",
        "developer" : "PID"
    },
    "DATABASE":{
        "db_host" : "localhost",
        "db_database" : "wifi_inventory",
        "db_username" : "root",
        "db_password" : ""
    },
    "SETTINGS" : {
        "app_name" : true,
        "app_icon" : true,
        "app_watermark" : true,
        "app_log" : false,
        "app_log_show" : false,
        "deploy" : false,
        "error_view" : "sole"
    },
    "EXTENSIONS":[
        "faker.sole",
        "qrcode.sole",
        "archive.sole"
    ],
    "API_CONTROLLER_CLASS" : [],
    "PUBLIC" : {
        "css" : [
            "addons/font-awesome-4.7.0/css/font-awesome.min.css"
        ],
        "js" : []
    },
    "CONSOLE" : {
        "header" : "STOP!",
        "description" : "This is a browser feature intended only for developers. Copying and pasting anything in here is prohibited."
    },
    "NOTES" : [
        "This contains framework infomarions and configurations.",
        "-----------------------------------------------------------------------------------------------------------------------------------------------",
        "PROJECT: This for user's project details, this portion will appear on system log.",
        "FRAMEWORK: This is not for user configuration, any changes in this portion is forbidden.",
        "DATABASE: The sql database connection info will be configured through this portion.",
        "SETTINGS: This allows tab icon, tab name, and framework's watermark to be displayed in user's project.",
        "          This also includes system log to be recorded and to be displayed in user's project.",
        "          This will also allow to customize user's error display instead of default system error display.",
        "EXTENSIONS: This will allow users to manage framework's external library",
        "API_CONTROLLER_CLASS: Class name of api controller should be within this array, otherwise api controller will recieve an error.",
        "PUBLIC: This portion allow users to include external css and js. The path of the file inside public folder should be included within the array."
    ]
}